{
  "1": [
    0.9356099367141724,
    0.050126828253269216,
    -0.14818832278251648,
    0.31648343801498413
  ],
  "2": [
    0.669823169708252,
    0.22657647728919994,
    -0.669823169708252,
    0.22657647728919983
  ],
  "3": [
    0.844028651714325,
    -0.1454696357250214,
    0.43004846572875977,
    0.28550386428833013
  ],
  "4": [
    0.43004846572875977,
    -0.2855039834976198,
    0.8440287113189697,
    0.1454695463180542
  ],
  "5": [
    0.14818836748600006,
    0.31648349761962913,
    -0.9356099367141724,
    0.05012677609920501
  ],
  "6": [
    0.5448845624923706,
    0.45066702365875255,
    -0.5448845028877258,
    0.4506670534610748
  ],
  "7": [
    0.761093258857727,
    0.09970379620790483,
    -0.12054713815450666,
    0.6294955015182494
  ],
  "8": [
    0.6865936517715454,
    -0.2893447875976563,
    0.34983226656913746,
    0.5678786039352417
  ],
  "9": [
    0.3498323857784271,
    -0.5678786039352417,
    0.6865936517715453,
    0.28934481739997864
  ],
  "10": [
    0.12054719030857083,
    0.6294955015182495,
    -0.7610932588577268,
    0.09970375895500182
  ],
  "12": [
    0.5678786635398865,
    0.34983232617378235,
    -0.28934472799301136,
    0.6865936517715455
  ],
  "11": [
    0.6294955015182495,
    -0.12054713815450668,
    0.09970377385616298,
    0.7610933184623717
  ],
  "15": [
    0.4506670832633972,
    -0.5448845624923707,
    0.45066702365875233,
    0.5448845624923706
  ],
  "14": [
    0.09970386326313019,
    -0.7610932588577273,
    0.6294955611228942,
    0.12054714560508728
  ],
  "13": [
    0.28934481739997864,
    0.6865937113761902,
    -0.5678786635398863,
    0.3498323559761047
  ],
  "17": [
    0.28550392389297474,
    0.4300484359264374,
    -0.1454696208238601,
    0.844028651714325
  ],
  "16": [
    0.31648340821266174,
    -0.1481882929801941,
    0.05012680962681766,
    0.935609757900238
  ],
  "19": [
    0.22657647728919986,
    -0.669823169708252,
    0.22657647728919972,
    0.669823169708252
  ],
  "20": [
    0.050126820802688606,
    -0.9356098175048828,
    0.31648343801498396,
    0.14818823337554932
  ],
  "18": [
    0.14546957612037661,
    0.8440287709236146,
    -0.2855039238929748,
    0.43004846572875977
  ]
}